"Address","DYCOL01","DYCOL02","DYCOL03","DYCOL04"
10009007735,33214,1,"0004000000",NA
10004004127,33134,1,"0050000000",NA
10004004127,33167,1,"0001000000",NA
10003003335,33190,1,"0070000000",NA
10003003335,33214,1,"0005500000",NA
10004004132,33214,1,"0004500000",NA
10002002921,33134,1,"0530000000",NA
10011009332,33214,1,"0005500000",NA
10011009332,34192,1,"0030000000",NA
10011009335,34192,1,"0003000000",NA
10005004528,33214,1,"0004900000",NA
10012009720,34228,1,"0004000000",NA
10012009720,34239,1,"0001000000",NA
10012009726,33190,1,"0003000000",NA
10010008523,33123,1,"0053000000",NA
10010008523,33190,1,"0300000000",NA
10005004920,33190,1,"0070000000",NA
10004003724,33190,1,"0600000000",NA
10002002921,33167,1,"0002000000",NA
10006005327,33214,1,"0004500000",NA
10115033135,33190,1,"0002600000",NA
10108030320,33393,1,"0005900000",NA
10104026723,33190,1,"0050000000",NA
10116033532,33349,1,"0210000000",NA
10106029124,33269,1,"0020000000",NA
10106029124,33338,NA,NA,"0460000000"
10112032319,33112,1,"0400000000",NA
10112032319,33156,1,"0000750000",NA
10116033519,33112,1,"0400000000",NA
10116033519,33214,1,"0005000000",NA
10105028732,33190,1,"0020000000",NA
10110031126,33134,1,"0900000000",NA
10110031126,33167,1,"0004000000",NA
10101024724,33190,1,"0008500000",NA
10103025935,33214,1,"0045000000",NA
10106029124,33350,1,"0005000000",NA
10110031121,33393,1,"0005000000",NA
10112032319,33258,1,"0012000000",NA
10105027920,33190,1,"0500000000",NA
10202046729,34170,1,"0010000000",NA
10222053526,33190,1,"0030000000",NA
10202046726,34170,1,"0005000000",NA
10216051520,33190,1,"0048000000",NA
10216051520,33214,1,"0009000000",NA
10204047126,33112,1,"0400000000",NA
10204047126,33123,1,"0013000000",NA
10204047126,33214,1,"0050000000",NA
10204047126,33236,1,"0030000000",NA
10204047126,33247,1,"0005000000",NA
10221053132,33112,1,"0055000000",NA
10221053132,33189,1,"0025000000",NA
10221053132,33214,1,"0048000000",NA
10221053132,33236,1,"0031000000",NA
10221053132,33258,1,"0024000000",NA
10202045920,33112,1,"0100000000",NA
10202045920,33236,1,"0000300000",NA
10202045920,33247,1,"0000300000",NA
10202045935,33190,1,"0005000000",NA
10223053929,33190,1,"0017000000",NA
10223053932,34170,1,"0009000000",NA
10206047920,34170,1,"0000150000",NA
10206047932,34170,1,"0000250000",NA
10207048332,34126,1,"0010000000",NA
10207048332,34127,1,"0011000000",NA
10303070322,33190,1,"0001000000",NA
10303070322,33214,1,"0005500000",NA
10311072727,33134,1,"0200000000",NA
10311072727,33145,NA,NA,"0160000000"
10311072727,33156,1,"0010000000",NA
10311072727,33167,1,"0000500000",NA
10319074323,33236,8,"0000500000",NA
10325075520,33190,1,"0040000000",NA
10303069129,33190,1,"0050000000",NA
10303069129,33214,1,"0100000000",NA
10303070326,33190,1,"0015000000",NA
10321074725,33190,1,"0040000000",NA
10321074720,33190,1,"0080000000",NA
10306071532,33190,1,"0009000000",NA
10303068719,33393,1,"0020000000",NA
10303067532,33214,1,"0110000000",NA
10303067123,33190,1,"0050000000",NA
10310072329,33214,1,"0003800000",NA
10319074322,33236,1,"0000500000",NA
10322075132,33270,1,"0030000000",NA
10401088024,33190,1,"0010000000",NA
10413096022,33190,1,"0025000000",NA
10402088829,33190,1,"0022500000",NA
10402088829,33214,1,"0002700000",NA
10402088824,33258,1,"0010500000",NA
10411094826,33189,1,"0002000000",NA
10401087635,33190,1,"0040000000",NA
10402088823,33214,1,"0017000000",NA
10506113835,33190,1,"0120000000",NA
10503112235,33190,1,"0001000000",NA
10507114620,33190,1,"0012000000",NA
10506113832,33214,1,"0005500000",NA
10502109826,33112,1,"0250000000",NA
10503112635,33190,1,"0010000000",NA
10502111022,33112,1,"0200000000",NA
10509115832,34217,1,"0001200000",NA
10502110620,33134,1,"0700000000",NA
10502110620,33145,1,"0500000000",NA
10507114235,33214,1,"0008500000",NA
10502110622,33112,1,"0070000000",NA
10507114226,33134,1,"0300000000",NA
10507114226,33145,1,"0300000000",NA
10509115420,33190,1,"0070000000",NA
10509115432,33214,1,"0007000000",NA
10508115027,33214,1,"0005000000",NA
10508115030,33214,1,"0005000000",NA
10507114623,33214,1,"0006000000",NA
10514117835,33190,1,"0007000000",NA
10504113035,33214,1,"0012000000",NA
10504113035,33258,1,"0012000000",NA
10511116632,33190,1,"0030000000",NA
10514117832,33190,1,"0040000000",NA
10508115035,33190,1,"0015000000",NA
10506113822,34217,1,"0002000000",NA
10506113820,33190,1,"0020000000",NA
10510116219,34217,1,"0001500000",NA
10612138330,33214,1,"0003200000",NA
10609137122,33112,1,"0050000000",NA
10603131120,33134,1,"0700000000","1000000000"
10605135121,33214,1,"0002200000",NA
10601129923,33236,1,"0001500000",NA
10603134326,33134,1,"0450000000",NA
10603134326,33156,1,"0005000000",NA
10603134326,33167,1,"0000600000",NA
10603134326,33178,1,"0001200000",NA
10603134326,33214,1,"0010000000",NA
10718163123,34272,1,"0020000000",NA
10718163129,34272,1,"0010000000",NA
10718163129,34272,8,"0010000000",NA
10707158319,34272,1,"0010000000",NA
10707158319,34272,8,"0010000000",NA
10707156732,34272,1,"0010000000",NA
10707156732,34272,8,"0010000000",NA
10702153532,34272,1,"0015000000",NA
10702153532,34272,8,"0015000000",NA
10706154729,34272,1,"0010000000",NA
10706154729,34272,8,"0010000000",NA
10707158320,33214,1,"0005000000",NA
10710160322,34272,1,"0010000000",NA
10710160322,34272,8,"0010000000",NA
10706154732,34272,1,"0005000000",NA
10706154732,34272,8,"0005000000",NA
10707157924,33214,1,"0004200000",NA
10707157924,34272,1,"0010000000",NA
10707157924,34272,8,"0010000000",NA
10707158328,34272,1,"0015000000",NA
10713161929,34272,1,"0015000000",NA
10713161929,34272,8,"0015000000",NA
10702153535,34272,1,"0005000000",NA
10702153535,34272,8,"0005000000",NA
10706154719,34272,1,"0015000000",NA
10706154722,34272,1,"0005000000",NA
10706154722,34272,8,"0005000000",NA
10706154735,34272,1,"0005000000",NA
10706154735,34272,8,"0005000000",NA
10707157135,34272,1,"0030000000",NA
10707157932,34272,1,"0010000000",NA
10707157932,34272,8,"0010000000",NA
10707157935,34272,1,"0020000000",NA
10707157935,34272,8,"0020000000",NA
10708159532,34272,1,"0015000000",NA
10708159532,34272,8,"0015000000",NA
10708159529,34272,1,"0025000000",NA
10708159529,34272,8,"0025000000",NA
10708159523,34272,1,"0015000000",NA
10713161935,34272,1,"0025000000",NA
10713161935,34272,8,"0025000000",NA
10718163120,34272,1,"0010000000",NA
10718163120,34272,8,"0010000000",NA
10708159530,34272,1,"0010000000",NA
10708159530,34272,8,"0010000000",NA
10702153523,34272,1,"0020000000",NA
10702153523,34272,8,"0020000000",NA
10712161532,34272,1,"0010000000",NA
10712161532,34272,8,"0010000000",NA
10702153528,34272,1,"0010000000",NA
10702153528,34272,8,"0010000000",NA
10708159535,33214,1,"0004700000",NA
10708159535,34272,1,"0020000000",NA
10708159519,34272,1,"0010000000",NA
10708159519,34272,8,"0010000000",NA
10712161535,34272,1,"0010000000",NA
10712161535,34272,8,"0010000000",NA
10702153526,34272,1,"0010000000",NA
10712161526,34272,1,"0020000000",NA
10712161526,34272,8,"0020000000",NA
10709159932,34272,1,"0015000000",NA
10709159932,34272,8,"0015000000",NA
10710160335,34272,1,"0010000000",NA
10707156325,34272,1,"0035000000",NA
10707156325,34272,8,"0035000000",NA
10710160329,34272,1,"0015000000",NA
10710160332,34272,1,"0005000000",NA
10710160332,34272,8,"0005000000",NA
10710160326,34272,1,"0015000000",NA
10710160326,34272,8,"0015000000",NA
10712161126,34272,1,"0025000000",NA
10712161126,34272,8,"0025000000",NA
10712161529,34272,1,"0025000000",NA
10712161529,34272,8,"0025000000",NA
10714162323,34272,1,"0005000000",NA
10705154326,34272,1,"0005000000",NA
10705154326,34272,8,"0005000000",NA
10712161132,34272,1,"0015000000",NA
10712161132,34272,8,"0015000000",NA
10716162723,33190,1,"0060000000",NA
10716162723,34272,1,"0015000000",NA
10716162729,34272,1,"0015000000",NA
10716162729,34272,8,"0015000000",NA
10718163135,34272,1,"0020000000",NA
10718163135,34272,8,"0020000000",NA
10705154324,34272,1,"0005000000",NA
10705154324,34272,8,"0005000000",NA
10705154335,34272,1,"0005000000",NA
10705154335,34272,8,"0005000000",NA
10729164725,34272,1,"0005000000",NA
10729164725,34272,8,"0005000000",NA
10706154719,34272,8,"0015000000",NA
10707155525,33214,1,"0003700000",NA
10707155935,34272,1,"0010000000",NA
10707155935,34272,8,"0010000000",NA
10707156320,34272,1,"0010000000",NA
10707156320,34272,8,"0010000000",NA
10707156723,34272,1,"0025000000",NA
10707156723,34272,8,"0025000000",NA
10707157123,34272,1,"0005000000",NA
10707157123,34272,8,"0005000000",NA
10722163935,34272,1,"0020000000",NA
10722163935,34272,8,"0020000000",NA
10722163932,34272,1,"0010000000",NA
10722163928,34272,1,"0015000000",NA
10722163928,34272,8,"0015000000",NA
10702153526,34272,8,"0010000000",NA
10704153935,33134,1,"0690000000",NA
10704153935,33179,1,"0008000000",NA
10704153935,33190,1,"0032000000",NA
10704153935,33247,1,"0012000000",NA
10707156735,34272,1,"0020000000",NA
10707157130,34272,1,"0020000000",NA
10707157130,34272,8,"0020000000",NA
10707157135,34272,8,"0030000000",NA
10707158328,34272,8,"0015000000",NA
10707158723,34272,1,"0005000000",NA
10707158723,34272,8,"0005000000",NA
10707158726,34272,1,"0005000000",NA
10707158726,34272,8,"0005000000",NA
10707158735,33190,1,"0016000000",NA
10708159535,34272,8,"0020000000",NA
10708159523,34272,8,"0015000000",NA
10710160321,34272,1,"0020000000",NA
10710160321,34272,8,"0020000000",NA
10710160329,34272,8,"0015000000",NA
10710160335,34272,8,"0010000000",NA
10711160723,34272,1,"0025000000",NA
10711160723,34272,8,"0025000000",NA
10712161520,34272,1,"0015000000",NA
10712161520,34272,8,"0015000000",NA
10707158720,34272,1,"0010000000",NA
10707158720,34272,8,"0010000000",NA
10709159929,34272,1,"0030000000",NA
10709159929,34272,8,"0030000000",NA
10712161123,34228,1,"0003500000",NA
10712161123,34272,1,"0025000000",NA
10712161123,34272,8,"0025000000",NA
10712161135,34272,1,"0010000000",NA
10714162323,34272,8,"0005000000",NA
10716162720,34272,1,"0020000000",NA
10716162720,34272,8,"0020000000",NA
10716162723,34272,8,"0015000000",NA
10716162726,34272,1,"0015000000",NA
10716162726,34272,8,"0015000000",NA
10716162732,34148,1,"0100000000",NA
10716162732,34272,1,"0025000000",NA
10716162732,34272,8,"0025000000",NA
10716162735,34272,1,"0015000000",NA
10716162735,34272,8,"0015000000",NA
10718163123,34272,8,"0020000000",NA
10722163919,34272,1,"0025000000",NA
10722163919,34272,8,"0025000000",NA
10722163932,34272,8,"0010000000",NA
10729164732,34272,1,"0025000000",NA
10729164732,34272,8,"0025000000",NA
10714162320,34272,1,"0005000000",NA
10714162320,34272,8,"0005000000",NA
10713161932,34272,1,"0020000000",NA
10713161932,34272,8,"0020000000",NA
10718163132,34272,1,"0015000000",NA
10727164323,34272,1,"0005000000",NA
10727164323,34272,8,"0005000000",NA
10729164735,34272,1,"0015000000",NA
10729164735,34272,8,"0015000000",NA
10714162329,34272,1,"0020000000",NA
10707155932,34272,1,"0025000000",NA
10707155932,34272,8,"0025000000",NA
10707156319,34272,1,"0020000000",NA
10707156319,34272,8,"0020000000",NA
10707156735,34272,8,"0020000000",NA
10709159923,34272,1,"0015000000",NA
10709159923,34272,8,"0015000000",NA
10709159935,34272,1,"0010000000",NA
10709159935,34272,8,"0010000000",NA
10718163132,34272,8,"0015000000",NA
10722163920,34272,1,"0010000000",NA
10722163920,34272,8,"0010000000",NA
10714162329,34272,8,"0020000000",NA
10702153520,34272,1,"0015000000",NA
10702153520,34272,8,"0015000000",NA
10707157929,34272,1,"0010000000",NA
10707157929,34272,8,"0010000000",NA
10707155929,34272,1,"0010000000",NA
10707155929,34272,8,"0010000000",NA
10707155124,34272,1,"0025000000",NA
10707155124,34272,8,"0025000000",NA
10707155923,34272,1,"0005000000",NA
10707155923,34272,8,"0005000000",NA
10709159928,33225,1,"0000750000",NA
10709159928,34272,1,"0030000000",NA
10709159928,34272,8,"0030000000",NA
10712161135,34272,8,"0010000000",NA
10814187122,33214,1,"0003000000",NA
10802179535,33190,1,"0045000000",NA
10802179532,33190,1,"0063000000",NA
10820188319,33214,1,"0100000000",NA
10805181532,33190,1,"0100000000",NA
10806182732,33247,1,"0000400000",NA
10804180735,33145,1,"0300000000",NA
10814187119,33190,1,"0030000000",NA
10806182335,33178,1,"0004620000",NA
10907203235,33134,NA,NA,"0750000000"
10907203235,33156,1,"0003000000",NA
10922213635,34181,1,"0038000000",NA
10933214829,33418,1,"0002000000",NA
10917212429,33178,1,"0003000000",NA
11002230629,33214,1,"0004000000",NA
11002235023,33190,1,"0050000000",NA
11002235023,33214,1,"0017000000",NA
11002235035,33112,1,"0020000000",NA
11012238632,33236,1,"0001000000",NA
11012239026,33418,1,"0001150000",NA
11014239435,33145,1,"0600000000",NA
11020241035,33190,1,"0006000000",NA
11005236635,33190,1,"0100000000",NA
11002235420,33190,1,"0025000000",NA
11017240223,33190,1,"0050000000",NA
11020241035,34148,1,"0100000000",NA
11022241426,33178,1,"0003000000",NA
11012239035,33178,1,"0003000000",NA
11002233432,33112,1,"0500000000",NA
11001229822,34148,1,"0060000000","0020000000"
11001229822,34239,1,"0003050000",NA
11001229829,33112,1,"0400000000",NA
11103255927,33214,1,"0007000000",NA
11103255935,33214,1,"0008700000",NA
11103256319,33112,1,"0065000000",NA
11110263723,33214,1,"0030000000",NA
11105258726,33145,1,"1000000000",NA
11105257935,33112,1,"0600000000",NA
11105257935,33236,1,"0005500000",NA
11105259132,33214,1,"0011000000",NA
11208283532,33214,1,"0000700000",NA
11203279135,33214,1,"0002500000",NA
11208283935,33214,1,"0002000000",NA
11302295532,33393,1,"0013000000",NA
11303296320,33134,1,"0600000000",NA
11305300735,33190,1,"0300000000",NA
11304299121,33214,1,"0085000000",NA
11305301128,33214,1,"0005000000",NA
11308303535,33418,1,"0013000000",NA
11309304329,33214,1,"0006000000",NA
11304299126,33214,1,"0150000000",NA
11301293126,33214,1,"0110000000",NA
11302295129,34126,1,"0000500000",NA
11302295129,34228,1,"0006000000",NA
11402318432,33190,1,"0200000000",NA
11402318432,34161,1,"0000450000",NA
11404321226,33112,1,"0180000000",NA
11404321226,33178,1,"0025000000",NA
11404321226,33189,1,"0015000000",NA
11404321226,33190,1,"0040000000",NA
11407322423,34181,1,"0030000000",NA
11401314826,33270,1,"0100000000",NA
11404320829,33145,NA,NA,"0240000000"
11404320832,33349,NA,NA,"0110000000"
11402317626,33190,1,"0040000000",NA
11402316428,33190,1,"0040000000",NA
11402316428,33269,1,"0040000000",NA
11401315223,33258,1,"0015000000",NA
11403319220,33190,1,"0250000000",NA
11404321220,33190,1,"0020000000",NA
11501331420,33190,1,"0011000000",NA
11501331432,33190,1,"0170000000",NA
11602351635,33214,1,"0001500000",NA
11602352432,33190,1,"0040000000",NA
11602352422,33190,1,"0035000000",NA
11602352420,33190,1,"0040000000",NA
11607356823,33190,1,"0030000000",NA
11608357622,33258,1,"0008000000",NA
11602352022,33190,1,"0040000000",NA
11602352035,33190,1,"0030000000",NA
11606355632,33190,1,"0028000000",NA
11606355629,33190,1,"0025000000",NA
11606355620,33112,1,"0350000000",NA
11704373426,33214,1,"0004800000",NA
11704373429,33214,1,"0005200000",NA
11706375029,33112,1,"0070000000",NA
11807393332,33258,1,"0012800000",NA
11801386132,33258,1,"0020000000",NA
11807393725,33258,1,"0020000000",NA
11807393726,33258,1,"0012000000",NA
11806392924,33247,1,"0012000000",NA
11801385732,33112,1,"0500000000",NA
11801387727,33214,1,"0002500000",NA
11903407819,33190,1,"0040000000",NA
11907413832,33190,1,"0010000000",NA
11909415028,33190,1,"0070000000",NA
11903408228,33134,NA,NA,"1400000000"
11903408228,33156,1,"0001000000",NA
11903408228,33167,1,"0001500000",NA
11901407020,33214,1,"0003000000",NA
11903408624,33134,1,"0700000000",NA
11903408624,33167,1,"0002000000",NA
11901406220,33190,1,"0050000000",NA
11907413435,33190,1,"0020000000",NA
11901406635,33190,1,"0030000000",NA
12003429729,33270,1,"0020000000",NA
12003429732,33214,1,"0005500000",NA
12001424919,33214,1,"0005000000",NA
12001424922,33214,1,"0005700000",NA
12001425335,33214,1,"0003500000",NA
12003428927,33134,NA,NA,"0500000000"
12001425332,33214,1,"0005500000",NA
12102442532,33258,1,"0008000000",NA
12102442535,33258,1,"0012500000",NA
12105446520,33190,1,"0040000000",NA
12108450132,33214,1,"0008000000",NA
12111452132,33134,1,"0500000000",NA
12102442523,33190,1,"0012000000",NA
12102442526,33258,1,"0013500000",NA
12102442920,33134,1,"0150000000",NA
12102442920,33145,1,"0050000000",NA
12102442932,33190,1,"0460000000",NA
12104443720,33134,NA,NA,"1400000000"
12104443720,33316,1,"0400000000",NA
12104443720,33349,1,"0600000000",NA
12104443720,33420,1,"0005000000",NA
12104443720,33440,1,"0003000000",NA
12104443732,33145,NA,NA,"0470000000"
12105445323,33112,1,"0070000000",NA
12102442529,33258,1,"0009200000",NA
12104443720,33451,1,"0005000000",NA
12105446135,33112,1,"0050000000",NA
12111452123,33190,1,"0030000000",NA
12107449729,33112,1,"0200000000",NA
12109450523,34239,1,"0001000000",NA
12109450920,33258,1,"0012000000",NA
12109450924,33258,1,"0018000000",NA
12109450926,33258,1,"0016000000",NA
12109450929,33258,1,"0015000000",NA
12109450935,33112,1,"0500000000",NA
12109450935,33214,1,"0005600000",NA
12109450935,33258,1,"0018000000",NA
12109450935,34239,1,"0001250000",NA
12102442523,33258,1,"0011500000",NA
12212475035,34250,1,"0004700000",NA
12212475035,34261,1,"0025000000",NA
12202466323,33189,1,"0001500000",NA
12210474129,33189,1,"0001800000",NA
12210474129,33440,1,"0000780000",NA
12209473332,33316,1,"1580000000","0"
12209473332,33327,1,"0020000000",NA
12209473332,33371,1,"0005000000",NA
12202467629,33189,1,"0003000000",NA
12208472926,33189,1,"0000450000",NA
12301499919,33214,1,"0004000000",NA
12301499922,33214,1,"0014500000",NA
12301502420,33134,1,"1200000000",NA
12301502420,33156,1,"0005000000",NA
12301502420,33167,1,"0015000000",NA
12301504420,33214,1,"0080000000",NA
12301506021,33134,1,"0800000000",NA
12301506021,33156,1,"0002000000",NA
12301506021,33167,1,"0012000000",NA
12301506021,33214,1,"0010000000",NA
12301496732,33214,1,"0007000000",NA
12301502820,33214,1,"0000600000",NA
12304510426,33190,1,"0050000000",NA
12408534923,33190,1,"0300000000",NA
12406534135,33112,1,"0100000000","0"
12401526935,34217,1,"0004000000",NA
12406533729,33190,1,"0013000000",NA
12406533720,33190,1,"0003700000",NA
12406533720,33214,1,"0001000000","0000400000"
12401528532,33258,1,"0003600000",NA
12401528132,33338,1,"0400000000",NA
12401528132,33349,1,"0800000000",NA
12401528132,33350,1,"0012000000",NA
12401528132,33360,1,"0010000000",NA
12401528132,33371,1,"0000500000",NA
12401528526,33214,1,"0003000000","0"
12404531332,33190,1,"0070000000",NA
12404531729,33190,1,"0070000000",NA
12404532132,34239,1,"0001000000","0"
12403530535,33190,1,"0044000000",NA
12501552229,33214,1,"0006800000",NA
12501549423,33134,1,"0400000000",NA
12501549423,33156,1,"0001000000",NA
12501549423,33178,1,"0000700000",NA
12501549423,33214,1,"0001000000",NA
12501547435,33214,1,"0000850000",NA
12501546632,33214,1,"0018000000",NA
12501545022,33134,1,"0300000000",NA
12501547022,33338,1,"0500000000",NA
12501546626,33225,1,"0000500000",NA
12501547826,33214,1,"0007550000",NA
12501553421,33145,1,"0100000000",NA
12501553421,34272,1,"0005000000",NA
12601562227,33214,1,"0004000000",NA
12603564620,33190,1,"0015500000",NA
12605568223,33190,1,"0015000000",NA
12605568230,33190,1,"0040000000",NA
12710588420,33190,1,"0100000000",NA
12704581628,33190,1,"0015000000",NA
12701579232,33214,1,"0004500000",NA
12705583632,33190,1,"0015000000",NA
12714590420,33190,1,"0006000000",NA
12701579635,33190,1,"0040000000",NA
12712589229,34228,1,"0020000000",NA
12711588832,33190,1,"0010000000",NA
12709587232,33190,1,"0100000000",NA
12705583229,33145,NA,NA,"0025000000"
12710588020,33190,1,"0050000000",NA
12713589619,33190,1,"0015000000",NA
12713589622,33236,1,"0010000000",NA
12713589622,33247,1,"0016000000",NA
12703581226,33190,1,"0033200000",NA
12706585632,33190,1,"0020000000",NA
12702580019,33190,1,"0050000000",NA
12706585626,33190,1,"0015000000",NA
12801602429,34239,1,"0002000000",NA
12802607229,33214,1,"0003500000",NA
12803608035,33190,1,"0150000000",NA
12807613629,33134,1,"0430000000",NA
12807613629,33145,1,"0230000000",NA
12807613629,33156,1,"0003500000",NA
12807613629,33178,1,"0002000000",NA
12807613629,33214,1,"0015000000",NA
12807613632,33112,1,"0080000000",NA
12801602820,33214,1,"0015000000",NA
12801603220,33214,1,"0004000000",NA
12801603632,33112,1,"0500000000",NA
12801604032,33214,1,"0004000000",NA
12806612827,34228,1,"0195000000",NA
12806612827,34239,1,"0001000000",NA
12806612835,33214,1,"0005000000",NA
12806612026,33258,1,"0010000000",NA
12804608823,33134,1,"2500000000",NA
12804608823,33156,1,"0020000000",NA
12804608823,33179,1,"0006400000",NA
12802606821,34239,1,"0000500000",NA
12802604826,33236,1,"0016500000",NA
12901626829,33214,1,"0012000000",NA
12904630020,34272,1,"0050000000","0070000000"
12904630023,33214,1,"0008500000",NA
12904630832,33190,1,"0080000000",NA
12905631626,33214,1,"0007500000",NA
12904630432,33190,1,"0050000000",NA
12903629620,33258,1,"0018000000",NA
12906633226,34272,NA,NA,"0045000000"
12903629624,33258,1,"0017000000",NA
12907634020,33145,1,"0750000000",NA
12906633235,34272,NA,NA,"0170000000"
13001645935,33214,1,"0003600000",NA
13001651532,33270,1,"0100000000",NA
13001651929,33214,1,"0010000000",NA
10007007421,33190,1,"0100000000",NA
10004003823,33178,1,"0040000000",NA
10007007420,33190,1,"0200000000",NA
10007007432,33214,1,"0004500000",NA
10006006620,33225,1,"0000650000",NA
10010008626,33214,1,"0005800000",NA
10007007029,33214,1,"0006000000",NA
10011009423,33214,1,"0003500000",NA
10005004626,33190,1,"0400000000",NA
10003003023,33214,1,"0004600000","0000300000"
10005004627,33190,1,"0030000000",NA
10011009432,34148,1,"0060000000",NA
10105028032,33134,1,"1000000000",NA
10105028032,33156,1,"0006000000",NA
10105028032,33167,1,"0015000000",NA
10105028032,33190,1,"0140000000",NA
10105028032,33214,1,"0090000000",NA
10103026021,33190,1,"0080000000",NA
10106028829,33214,1,"0004600000",NA
10106029220,33270,1,"0150000000",NA
10106029219,33270,1,"0450000000",NA
10115033235,33214,1,"0005000000",NA
10102024832,33214,1,"0004000000",NA
10107029635,33190,1,"0020000000",NA
10105026826,33134,1,"0450000000","0520000000"
10105026826,33156,1,"0006000000",NA
10111031625,33190,1,"0020000000",NA
10104026424,33190,1,"0030000000",NA
10111032020,33134,NA,NA,"0610000000"
10111032020,33145,NA,NA,"0061000000"
10111032020,33156,1,"0003000000",NA
10111032032,33190,1,"0100000000",NA
10206048026,34170,1,"0000250000",NA
10205047620,34170,1,"0000100000",NA
10204046823,34127,1,"0330350000",NA
10204046823,34239,1,"0000500000",NA
10201045623,33214,1,"0110000000",NA
10210050435,33214,1,"0008000000",NA
10202046020,33225,1,"0010000000",NA
10219052432,33134,1,"1105000000",NA
10219052432,33156,1,"0005000000",NA
10219052432,33214,1,"0030000000",NA
10222053629,33190,1,"0008000000",NA
10310072435,33112,1,"0170000000",NA
10313073226,33112,1,"0300000000",NA
10313073226,33145,NA,NA,"0500000000"
10314073623,33214,1,"0003400000",NA
10314073623,34126,1,"0230000000",NA
10303068829,33190,1,"0012000000",NA
10303068028,33190,1,"0012700000",NA
10303068035,33190,1,"0005000000",NA
10303067627,33190,1,"0020000000",NA
10303068432,33190,1,"0030000000",NA
10303066032,33112,1,"0300000000",NA
10303070428,33134,NA,NA,"0710000000"
10303070428,33156,1,"0010000000",NA
10303070022,33190,1,"0070000000",NA
10303070828,33270,1,"0030000000",NA
10306071625,33134,1,"0300000000",NA
10307072035,33190,1,"0050000000",NA
10321074822,33190,1,"0020000000",NA
10310072426,33134,NA,NA,"0350000000"
10415096523,33190,1,"0100000000",NA
10404090520,33214,1,"0003000000",NA
10408092929,33112,1,"0200000000",NA
10406091735,33214,1,"0003000000",NA
10502111120,33190,1,"0100000000",NA
10507114732,33190,1,"0015000000",NA
10503112326,33190,1,"0005000000",NA
10502111121,33134,NA,NA,"0550000000"
10502111121,33145,NA,NA,"0750000000"
10510116319,33214,1,"0007000000",NA
10502110323,33190,1,"0400000000",NA
10502111132,33190,1,"0010000000",NA
10502109526,33190,1,"0200000000",NA
10502111929,33190,1,"0010000000",NA
10502109932,33214,1,"0004000000",NA
10504113122,33190,1,"0010000000",NA
10502110726,33190,1,"0150000000",NA
10510116326,33214,1,"0004500000",NA
10506113926,33190,1,"0065000000",NA
10507114735,33190,1,"0040000000",NA
10508115132,33190,1,"0040000000",NA
10505113529,33190,1,"0040000000",NA
10514117923,33112,1,"0150000000",NA
10603134035,33134,1,"0500000000",NA
10603133628,33134,1,"0700000000","0400000000"
10603133628,33156,1,"0006000000",NA
10601130424,33190,1,"0040000000",NA
10603132032,33134,1,"1300000000",NA
10606136027,33190,1,"0038000000",NA
10603132032,33214,1,"0005000000",NA
10608136832,33167,1,"0002000000",NA
10602130829,33258,1,"0008000000",NA
10602130835,33236,1,"0000800000",NA
10602130828,33214,1,"0001500000",NA
10615139229,33190,1,"0079000000",NA
10615139229,33247,1,"0002000000",NA
10712161621,33190,1,"0050000000",NA
10712161621,34272,1,"0010000000",NA
10712161621,34272,8,"0010000000",NA
10710160435,34272,1,"0020000000",NA
10710160435,34272,8,"0020000000",NA
10703153626,33214,1,"0006000000",NA
10707156429,34272,1,"0020000000",NA
10707156429,34272,8,"0020000000",NA
10707156435,34272,1,"0010000000",NA
10729164825,34272,1,"0010000000",NA
10729164825,34272,8,"0010000000",NA
10729164820,34272,1,"0015000000",NA
10729164820,34272,8,"0015000000",NA
10729164823,34272,1,"0010000000",NA
10729164823,34272,8,"0010000000",NA
10729164827,34272,1,"0010000000",NA
10705154435,34272,1,"0015000000",NA
10705154435,34272,8,"0015000000",NA
10707156435,34272,8,"0010000000",NA
10716162826,34272,1,"0010000000",NA
10716162826,34272,8,"0010000000",NA
10716162820,34272,1,"0005000000",NA
10716162820,34272,8,"0005000000",NA
10707154835,34272,1,"0020000000",NA
10707154835,34272,8,"0020000000",NA
10707154823,33190,1,"0050000000",NA
10712161235,33190,1,"0100000000",NA
10712161235,34272,1,"0020000000",NA
10712161235,34272,8,"0020000000",NA
10714162432,34272,1,"0005000000",NA
10714162432,34272,8,"0005000000",NA
10716162819,34272,1,"0010000000",NA
10707154823,34272,1,"0015000000",NA
10707154823,34272,8,"0015000000",NA
10729164827,34272,8,"0010000000",NA
10705154420,34272,1,"0005000000",NA
10705154420,34272,8,"0005000000",NA
10703153623,34127,1,"0011500000",NA
10718163235,33190,1,"0120000000",NA
10718163235,34272,1,"0015000000",NA
10718163235,34272,8,"0015000000",NA
10718163232,34272,1,"0010000000",NA
10718163232,34272,8,"0010000000",NA
10718163228,34272,1,"0030000000",NA
10718163228,34272,8,"0030000000",NA
10718163229,34272,1,"0010000000",NA
10718163229,34272,8,"0010000000",NA
10703153621,34272,1,"0015000000",NA
10703153621,34272,8,"0015000000",NA
10713162029,34272,1,"0015000000",NA
10713162029,34272,8,"0015000000",NA
10705154426,33190,1,"0025000000",NA
10705154426,34272,1,"0010000000",NA
10705154426,34272,8,"0010000000",NA
10713162035,34272,1,"0015000000",NA
10713162035,34272,8,"0015000000",NA
10713162024,34272,1,"0010000000",NA
10713162024,34272,8,"0010000000",NA
10707157626,34272,1,"0020000000",NA
10707157626,34272,8,"0020000000",NA
10707159219,34272,1,"0010000000",NA
10707159219,34272,8,"0010000000",NA
10713162026,34272,1,"0020000000",NA
10708159620,34272,1,"0025000000",NA
10708159620,34272,8,"0025000000",NA
10708159635,34272,1,"0015000000",NA
10708159635,34272,8,"0015000000",NA
10705154429,34272,1,"0015000000",NA
10705154429,34272,8,"0015000000",NA
10705154419,33190,1,"0060000000",NA
10705154419,34272,1,"0020000000",NA
10705154419,34272,8,"0020000000",NA
10705154432,34272,1,"0010000000",NA
10705154432,34272,8,"0010000000",NA
10712161229,34272,1,"0010000000",NA
10712161229,34272,8,"0010000000",NA
10712161232,34272,1,"0010000000",NA
10712161232,34272,8,"0010000000",NA
10712161225,34272,1,"0015000000",NA
10712161225,34272,8,"0015000000",NA
10724164023,34126,1,"0010000000",NA
10713162026,34272,8,"0020000000",NA
10710160426,34272,1,"0015000000",NA
10710160426,34272,8,"0015000000",NA
10710160429,34272,1,"0010000000",NA
10710160429,34272,8,"0010000000",NA
10710160432,34272,1,"0015000000",NA
10710160432,34272,8,"0015000000",NA
10720163629,34126,1,"0150000000",NA
10707155221,33178,1,"0008000000",NA
10724164032,34160,1,"0070000000",NA
10727164426,34272,1,"0010000000",NA
10709160029,34272,1,"0015000000",NA
10709160029,34272,8,"0015000000",NA
10707156020,34272,1,"0005000000",NA
10707156020,34272,8,"0005000000",NA
10707156032,34272,1,"0020000000",NA
10707156032,34272,8,"0020000000",NA
10707156029,34272,1,"0005000000",NA
10707156029,34272,8,"0005000000",NA
10707155630,34272,1,"0010000000",NA
10707155630,34272,8,"0010000000",NA
10707155629,34272,1,"0005000000",NA
10707155629,34272,8,"0005000000",NA
10707156026,33190,1,"0050000000",NA
10707156026,34272,1,"0020000000",NA
10707156026,34272,8,"0020000000",NA
10712161629,33112,1,"0065000000",NA
10712161626,34272,1,"0015000000",NA
10712161626,34272,8,"0015000000",NA
10712161632,34272,1,"0010000000",NA
10712161632,34272,8,"0010000000",NA
10712161221,34126,1,"0250000000",NA
10712161221,34228,1,"0100000000",NA
10712161221,34272,1,"0030000000",NA
10712161221,34272,8,"0030000000",NA
10727164426,34272,8,"0010000000",NA
10707159235,33214,1,"0007000000",NA
10707159226,34272,1,"0010000000",NA
10707159226,34272,8,"0010000000",NA
10707156832,33214,1,"0009000000",NA
10707156832,33269,1,"0008000000",NA
10707156832,34272,1,"0020000000",NA
10707156832,34272,8,"0020000000",NA
10707156835,33214,1,"0004500000",NA
10707156835,34272,1,"0020000000",NA
10707156835,34272,8,"0020000000",NA
10707159229,34272,1,"0020000000",NA
10707159232,34272,1,"0010000000",NA
10707159232,34272,8,"0010000000",NA
10710160421,34272,1,"0010000000",NA
10710160421,34272,8,"0010000000",NA
10710160420,34272,1,"0010000000",NA
10710160420,34272,8,"0010000000",NA
10727164421,34272,1,"0030000000",NA
10727164421,34272,8,"0030000000",NA
10724164030,34272,1,"0020000000",NA
10724164030,34272,8,"0020000000",NA
10707158832,33179,1,"0000500000",NA
10707158832,33371,1,"0000600000",NA
10709160026,34272,1,"0010000000",NA
10709160026,34272,8,"0010000000",NA
10711160829,34272,1,"0010000000",NA
10714162423,33214,1,"0002000000",NA
10714162423,34272,1,"0015000000",NA
10714162423,34272,8,"0015000000",NA
10716162819,34272,8,"0010000000",NA
10727164423,34272,1,"0020000000",NA
10727164423,34272,8,"0020000000",NA
10707154826,34272,1,"0010000000",NA
10707154826,34272,8,"0010000000",NA
10729164832,34272,1,"0010000000",NA
10729164832,34272,8,"0010000000",NA
10708159628,34272,1,"0010000000",NA
10707156421,34272,1,"0020000000",NA
10707156421,34272,8,"0020000000",NA
10707156424,34272,1,"0030000000",NA
10707156424,34272,8,"0030000000",NA
10707159229,34272,8,"0020000000",NA
10708159623,33269,1,"0055000000",NA
10708159623,34272,1,"0015000000",NA
10708159623,34272,8,"0015000000",NA
10708159628,34272,8,"0010000000",NA
10709160020,34272,1,"0015000000",NA
10709160020,34272,8,"0015000000",NA
10709160035,34272,1,"0015000000",NA
10709160035,34272,8,"0015000000",NA
10711160829,34272,8,"0010000000",NA
10804180430,33190,1,"0100000000",NA
10914204532,33247,1,"0008600000",NA
10929214123,34126,1,"0001700000",NA
10929214135,34127,1,"0070000000",NA
10929214119,33236,1,"0001000000",NA
10929214119,34115,1,"0067000000",NA
10917212132,33214,1,"0004400000",NA
10917212529,33190,1,"0007000000",NA
10917212123,33112,1,"0110000000",NA
10920213320,33214,1,"0005400000",NA
10905202535,34192,1,"0315000000","0050000000"
10916208935,34148,NA,NA,"0350000000"
10905202532,33418,1,"0002000000",NA
10916206929,33214,1,"0003800000",NA
11002233532,33214,1,"0004000000",NA
11002233926,33214,1,"0005000000",NA
11002234723,33112,1,"0070000000",NA
11003235922,33190,1,"0060000000",NA
11004236335,33190,1,"0060000000",NA
11009237535,33190,1,"0008000000",NA
11006236732,33190,1,"0008000000",NA
11002232329,33214,1,"0004000000",NA
11004236332,33190,1,"0002000000",NA
11006236720,33190,1,"0020000000",NA
11006236726,33190,1,"0030000000",NA
11010237920,33214,1,"0003500000",NA
11013239125,33190,1,"0020000000",NA
11017240323,33236,1,"0008000000",NA
11017240327,33190,1,"0070000000",NA
11101254035,33258,1,"0020000000",NA
11103255632,33190,1,"0025000000",NA
11104257235,33112,1,"0750000000",NA
11105258832,33112,1,"0680000000",NA
11105260423,33214,1,"0006500000",NA
11105259623,33112,1,"2500000000","2900000000"
11105258423,33214,1,"0005750000",NA
11105258426,33214,1,"0004000000",NA
11103256022,33214,1,"0003200000",NA
11104256835,33190,1,"0020000000",NA
11104256835,33214,1,"0003500000",NA
11104256832,33112,1,"0650000000",NA
11104256832,33190,1,"0050000000",NA
11104256429,33190,1,"0006000000",NA
11105260028,33112,1,"0050000000",NA
11207283232,33214,1,"0050000000",NA
11205282026,33145,NA,NA,"0730000000"
11303296835,33214,1,"0075000000",NA
11304300423,33214,1,"0004000000",NA
11304300423,33338,1,"0500000000",NA
11303296427,33134,1,"0500000000",NA
11303296427,33214,1,"0020000000",NA
11309304035,33190,1,"0020000000",NA
11302294435,34228,1,"0005000000",NA
11401315732,34181,1,"0082000000",NA
11401315735,33112,1,"0350000000",NA
11402316929,33190,1,"0010000000",NA
11402316929,33214,1,"0000850000",NA
11402316929,34115,1,"0008000000",NA
11403319723,33190,1,"0150000000",NA
11403319732,34250,1,"0000400000",NA
11403319732,34261,1,"0004000000",NA
11404320529,33190,1,"0025000000",NA
11403320126,33134,NA,NA,"0700000000"
11401314529,33214,1,"0002000000",NA
11401316132,33190,1,"0042000000",NA
11401316132,33214,1,"0002500000",NA
11402316929,34127,1,"0035000000",NA
11402316929,34239,1,"0000450000",NA
11407322126,33189,1,"0140000000",NA
11407322126,33214,1,"0035000000",NA
11402318932,33112,1,"0250000000",NA
11402318932,33190,1,"0050000000",NA
11402317729,33134,NA,NA,"2190000000"
11402317729,33145,1,"2930000000",NA
11402317729,33167,1,"0015000000",NA
11402317729,33178,1,"0010000000",NA
11402317729,33189,1,"0012000000",NA
11401315332,33190,1,"0080000000",NA
11403320132,33134,1,"0750000000",NA
11403320132,33190,1,"0080000000",NA
11503333922,33214,1,"0004000000",NA
11502333532,33214,1,"0004800000",NA
11508338735,33145,1,"0550000000",NA
11502332723,33190,1,"0010000000",NA
11506337526,33214,1,"0005000000",NA
11506337532,33214,1,"0003000000",NA
11606355732,33190,1,"0100000000",NA
11606355732,33258,1,"0007500000",NA
11601349723,33112,NA,NA,"3700000000"
11608357325,33258,1,"0011000000",NA
11607356520,33247,1,"0001700000",NA
11602351735,33190,1,"0020000000",NA
11602351723,33214,1,"0020000000",NA
11601350126,34272,1,"0150000000",NA
11601351335,34272,1,"1000000000",NA
11601350935,33214,1,"0004000000",NA
11606355727,33258,1,"0007500000",NA
11603352932,33190,1,"0070000000",NA
11601350928,33134,1,"1500000000","0900000000"
11601350928,33145,1,"3500000000","2700000000"
11701367523,33236,1,"0003500000",NA
11701366728,33214,1,"0007000000",NA
11701366732,33236,1,"0002500000",NA
11701367123,33214,1,"0007400000",NA
11701367129,33214,1,"0007500000",NA
11701367932,33214,1,"0006500000",NA
11701368332,33214,1,"0016000000",NA
11703372720,33214,1,"0004800000",NA
11706374732,33112,1,"0040000000",NA
11701366719,33178,1,"0008400000",NA
11701366719,33214,1,"0004500000",NA
11806393026,33258,1,"0012000000",NA
11806393029,33258,1,"0015000000",NA
11803389419,33258,1,"0015000000",NA
11803388623,33134,1,"0500000000",NA
11802387829,33258,1,"0020000000",NA
11807393832,33214,1,"0004000000",NA
11807393832,33258,1,"0032000000",NA
11903407928,33214,1,"0075000000",NA
11901407132,33190,1,"0018000000",NA
11903408723,33190,1,"0100000000",NA
11903407526,33258,1,"0012000000",NA
11903407529,33258,1,"0030000000",NA
11903407532,33258,1,"0015000000",NA
11904410735,33190,1,"0100000000",NA
11904410320,33167,1,"0002000000",NA
11904410329,33214,1,"0060000000",NA
11904410725,33214,1,"0060000000",NA
11907413129,33134,1,"0400000000",NA
11907413129,33156,1,"0001000000",NA
11907413129,33167,1,"0002000000",NA
11903408335,33190,1,"0005700000",NA
11903407520,33123,1,"0100000000",NA
12003429827,33190,1,"0375000000",NA
12108450235,33214,1,"0050000000",NA
12111452220,33190,1,"0500000000",NA
12111452223,33190,1,"1000000000",NA
12101442229,33112,1,"0260000000",NA
12101442229,33123,1,"0010000000",NA
12101442229,33189,1,"0001500000",NA
12101442229,33214,1,"0015000000",NA
12101442229,33236,1,"0006000000",NA
12101442229,33247,1,"0002500000",NA
12111452226,33190,1,"0200000000",NA
12111452235,33190,1,"0250000000",NA
12203468932,33420,1,"0008500000",NA
12208472625,34126,1,"0000200000",NA
12310512929,33134,1,"1700000000",NA
12310512929,33156,1,"0030000000",NA
12303510129,33214,1,"0025000000",NA
12301507321,33214,1,"0007500000",NA
12301493635,33418,1,"0003700000",NA
12301498020,33214,1,"0075000000",NA
12301499220,33134,1,"2000000000",NA
12301499220,33156,1,"0004000000",NA
12301499220,33167,1,"0003500000",NA
12301500035,33134,1,"1050000000",NA
12301502926,33225,1,"0004000000",NA
12301503320,33214,1,"0070000000",NA
12301507332,33134,1,"1500000000","0940000000"
12301507332,33156,1,"0010000000",NA
12301507332,33167,1,"0022000000",NA
12303510120,33214,1,"0005000000",NA
12319517330,33134,1,"0700000000",NA
12301498825,33190,1,"0100000000",NA
12301498024,33134,1,"1600000000",NA
12301498024,33156,1,"0015000000",NA
12301499220,33214,1,"0026000000",NA
12301500035,33156,1,"0001000000",NA
12301504523,33214,1,"0023000000",NA
12301504535,33214,1,"0042500000",NA
12301506529,33214,1,"0125000000",NA
12319517330,33156,1,"0005000000",NA
12301505321,33214,1,"0060000000",NA
12404531032,33190,1,"0070000000",NA
12404531435,33190,1,"0080000000",NA
12401529035,33134,1,"0200000000","0"
12401529035,33156,1,"0002000000",NA
12401529035,33167,1,"0003500000",NA
12405532223,33190,1,"0050000000",NA
12405532632,33190,1,"0010000000",NA
12404531426,34239,1,"0003000000","0"
12402529432,33190,1,"0002000000",NA
12404531820,33190,1,"0100000000",NA
12408535026,33258,1,"0003500000",NA
12409535420,33214,1,"0005000000","0"
12501551935,33156,1,"0000250000",NA
12501551935,33429,1,"0000500000",NA
12501545129,33236,1,"0006000000",NA
12501549532,33269,1,"0018000000",NA
12501549128,33269,1,"0005000000",NA
12501546323,33316,1,"0100000000",NA
12501546323,33418,1,"0001200000",NA
12501546323,33429,1,"0000700000",NA
12501546325,33269,1,"0027000000",NA
12501549519,33236,1,"0018000000",NA
12501549535,33269,1,"0017000000",NA
12501551930,33247,1,"0005500000",NA
12501546327,33167,1,"0001530000",NA
12501546327,33269,1,"0013000000",NA
12501549920,33214,1,"0030000000",NA
12501550332,33214,1,"0001500000",NA
12501551535,33190,1,"0180000000",NA
12501552332,33214,1,"0007000000",NA
12603564735,33190,1,"0050000000",NA
12603565130,33134,1,"1620000000","0550000000"
12603565130,33178,1,"0001500000",NA
12603565130,33179,1,"0000600000",NA
12603565130,33190,1,"0040000000",NA
12601562729,33190,1,"0008000000",NA
12605567935,33190,1,"0020000000",NA
12602563135,33190,1,"0270000000",NA
12602563925,33190,1,"0009000000",NA
12604566735,33190,1,"0170000000",NA
12604566735,33236,1,"0002000000",NA
12603566326,33214,1,"0013000000",NA
12604566720,33112,1,"0150000000",NA
12604566720,33190,1,"0050000000",NA
12604566723,33190,1,"0130000000",NA
12602563126,33190,1,"0290000000",NA
12705583732,33214,1,"0001300000",NA
12705583729,33214,1,"0000500000",NA
12703581335,33112,1,"0080000000",NA
12709587326,34148,NA,NA,"0032000000"
12701579322,33214,1,"0003600000",NA
12701579327,33112,1,"0200000000",NA
12701579329,33214,1,"0004000000",NA
12712589329,33190,1,"0025000000",NA
12706585332,33190,1,"0003000000",NA
12806611726,33112,1,"0130000000",NA
12807612935,33112,1,"0120000000",NA
12801603319,33236,1,"0010000000",NA
12801603726,33269,1,"0013000000",NA
12802604924,33134,NA,NA,"1300000000"
12802604924,33145,1,"0500000000",NA
12802604926,33145,1,"0570000000",NA
12802604926,33156,1,"0010000000",NA
12802606135,33214,1,"0033000000","0003000000"
12802606135,33420,1,"0002500000",NA
12802606135,33440,1,"0002000000",NA
12802606135,33451,1,"0003000000",NA
12807613735,33269,1,"0050000000",NA
12802604929,33190,1,"0105000000",NA
12802604929,33214,1,"0075000000",NA
12802605720,33214,1,"0001000000",NA
12802606123,33462,1,"0020000000",NA
12807613726,33214,1,"0020000000",NA
12904631329,34115,1,"0025000000",NA
12904631329,34148,1,"0015000000","0005000000"
12901626923,33214,1,"0010000000",NA
12901627720,33214,1,"0035000000",NA
12906632535,33214,1,"0006000000",NA
12905631732,34148,1,"0015000000","0005000000"
12908634932,33214,1,"0075000000",NA
12909451426,33214,1,"0008000000",NA
12901627726,34272,1,"0015000000","0025000000"
12909451832,33214,1,"0007000000",NA
12904630535,33190,1,"0075000000",NA
12904630523,34115,1,"0025000000",NA
12904630129,33214,1,"0007500000",NA
12908635329,33214,1,"0009000000",NA
12908635335,34115,1,"0035000000",NA
12901628129,33214,1,"0009000000",NA
12907633726,34272,NA,NA,"0120000000"
13001651620,33134,1,"0480000000",NA
13001649632,34272,1,"0024000000",NA
13001653235,33134,1,"3200000000",NA
13001653235,33167,1,"0020000000",NA
13001646420,34272,1,"0001920000",NA
13001652419,33214,1,"0001700000",NA
10004004332,33189,1,"0000440000",NA
10003003132,33190,1,"0015000000",NA
10004004323,33236,1,"0004500000",NA
10012009535,34228,1,"0018000000",NA
10004003519,33190,1,"0250000000",NA
10004003535,33190,1,"0014000000",NA
10004003535,33236,1,"0007000000",NA
10011009130,33190,1,"0100000000",NA
10103025732,33269,1,"0030000000",NA
10105028135,33214,1,"0005000000",NA
10104026521,33190,1,"0040000000",NA
10103026120,33190,1,"0030000000",NA
10107029732,33190,1,"0015000000",NA
10109030529,33236,1,"0010000000",NA
10102024935,33190,1,"0050000000",NA
10103025719,33134,NA,NA,"2800000000"
10103025719,33145,NA,NA,"0450000000"
10103025719,33156,1,"0012000000",NA
10103026130,33393,1,"0040000000",NA
10101024530,33214,1,"0003500000",NA
10113032530,33190,1,"0025000000",NA
10114032920,33190,1,"0158000000",NA
10114032920,33236,1,"0006000000",NA
10106028932,33190,1,"0017000000",NA
10106029320,33258,1,"0009700000",NA
10108030128,33190,1,"0035000000",NA
10105027735,33190,1,"0034000000",NA
10105027735,33214,1,"0016000000",NA
10109030521,33214,1,"0039800000",NA
10108030119,33190,1,"0140000000",NA
10108030119,33214,1,"0070000000",NA
10107029720,33190,1,"0080000000",NA
10113032524,33190,1,"0040000000",NA
10106029326,33236,1,"0000900000",NA
10205047726,33190,1,"0035000000",NA
10216051323,33190,1,"0180000000",NA
10206048129,33145,NA,NA,"0150000000"
10216051729,33190,1,"0020000000",NA
10216051735,33190,1,"0050000000",NA
10207048520,33190,1,"0006000000",NA
10202046520,33190,1,"0160000000",NA
10225054532,33190,1,"0130000000",NA
10204047329,34126,1,"0005000000",NA
10204047329,34239,1,"0000500000",NA
10207048926,33214,1,"0006000000",NA
10307071720,33190,1,"0090000000",NA
10307071720,33214,1,"0004700000","0000500000"
10307071720,33236,1,"0012000000",NA
10307071720,33247,1,"0008000000",NA
10307071730,33190,1,"0100000000",NA
10307071730,33236,1,"0006000000",NA
10307071735,33190,1,"0006000000",NA
10302065723,33190,1,"0015000000",NA
10305070923,33189,1,"0040000000",NA
10319074122,33269,1,"0070000000",NA
10307071726,33190,1,"0080000000",NA
10303070526,33112,1,"0850000000","0600000000"
10303070526,33156,1,"0015000000",NA
10322074925,34127,1,"0035000000",NA
10313073332,33214,1,"0140000000",NA
10303069735,33189,1,"0020000000",NA
10320074532,33190,1,"0100000000",NA
10303068919,34127,1,"0050000000",NA
10307072132,34148,1,"0135000000",NA
10303066528,33349,NA,NA,"0330000000"
10401087023,33190,1,"0050000000",NA
10412095420,33236,1,"0001500000",NA
10406091420,33214,1,"0002000000",NA
10401087822,33190,1,"0010000000",NA
10502111223,34217,1,"0003000000",NA
10510116429,33236,1,"0003000000",NA
10503112432,33190,1,"0020000000",NA
10501109235,33190,1,"0010000000",NA
10510116023,34217,1,"0002000000",NA
10510116035,33270,1,"0030000000",NA
10512117232,33190,1,"0005000000",NA
10506114024,33190,1,"0150000000",NA
10511116822,33214,1,"0006000000",NA
10505113220,33190,1,"0002000000",NA
10505113220,33214,1,"0005000000",NA
10514118025,33190,1,"0010000000",NA
10509115632,33247,1,"0020000000",NA
10513117623,33190,1,"0005700000",NA
10509115629,33112,1,"1100000000",NA
10502110832,33190,1,"0015000000",NA
10502112032,33112,1,"0500000000",NA
10505113223,33214,1,"0005000000",NA
10613138520,33190,1,"0040000000",NA
10614138926,33214,1,"0004000000",NA
10608136526,33134,NA,NA,"0600000000"
10603133324,33134,NA,NA,"2000000000"
10615139326,33236,1,"0002000000",NA
10615139326,33247,1,"0014000000",NA
10603133324,33156,1,"20000000",NA
10603130929,33214,1,"0003500000",NA
10702153332,34272,1,"0010000000",NA
10702153332,34272,8,"0010000000",NA
10702153320,34272,1,"0025000000",NA
10702153326,34272,1,"0020000000",NA
10702153326,34272,8,"0020000000",NA
10707156935,34272,1,"0015000000",NA
10712161721,34272,1,"0010000000",NA
10707156935,34272,8,"0015000000",NA
10712161721,34272,8,"0010000000",NA
10702153320,34272,8,"0025000000",NA
10708159729,34272,1,"0015000000",NA
10707157719,34272,1,"0025000000",NA
10707157719,34272,8,"0025000000",NA
10712161320,34272,1,"0010000000",NA
10712161320,34272,8,"0010000000",NA
10712161329,34272,1,"0020000000",NA
10712161329,34272,8,"0020000000",NA
10712161335,34272,1,"0015000000",NA
10708159729,34272,8,"0015000000",NA
10703153726,34272,1,"0010000000",NA
10703153726,34272,8,"0010000000",NA
10703153732,34272,1,"0020000000",NA
10703153732,34272,8,"0020000000",NA
10719163324,33190,1,"0003500000",NA
10719163327,33190,1,"0020000000",NA
10713162132,34272,1,"0020000000",NA
10713162129,34272,1,"0015000000",NA
10713162129,34272,8,"0015000000",NA
10713162135,34272,1,"0020000000",NA
10713162135,34272,8,"0020000000",NA
10715162532,34272,1,"0015000000",NA
10715162532,34272,8,"0015000000",NA
10715162526,34272,1,"0015000000",NA
10715162526,34272,8,"0015000000",NA
10715162520,34272,1,"0020000000",NA
10715162520,34272,8,"0020000000",NA
10707156120,34272,1,"0010000000",NA
10707156124,34272,1,"0010000000",NA
10707156124,34272,8,"0010000000",NA
10707156128,33418,1,"0001000000",NA
10707156128,34272,1,"0010000000",NA
10707156128,34272,8,"0010000000",NA
10713162127,34272,1,"0010000000",NA
10715162529,34272,1,"0010000000",NA
10715162529,34272,8,"0010000000",NA
10711160932,34272,1,"0010000000",NA
10711160932,34272,8,"0010000000",NA
10711160925,34272,1,"0015000000",NA
10711160925,34272,8,"0015000000",NA
10711160920,34272,1,"0030000000",NA
10711160920,34272,8,"0030000000",NA
10721163732,33269,1,"0018000000",NA
10721163732,34272,1,"0010000000",NA
10721163732,34272,8,"0010000000",NA
10721163729,34272,1,"0015000000",NA
10721163721,33190,1,"0025000000",NA
10707157332,34272,1,"0015000000",NA
10707157332,34272,8,"0015000000",NA
10715162521,34272,1,"0010000000",NA
10715162521,34272,8,"0010000000",NA
10707157330,34272,1,"0025000000",NA
10707157330,34272,8,"0025000000",NA
10715162535,34272,1,"0015000000",NA
10715162535,34272,8,"0015000000",NA
10707156135,34272,1,"0015000000",NA
10707156127,34272,1,"0030000000",NA
10707156127,34272,8,"0030000000",NA
10707156132,34272,1,"0015000000",NA
10707156132,34272,8,"0015000000",NA
10707158123,34272,1,"0020000000",NA
10707157328,34272,1,"0020000000",NA
10707157321,34272,1,"0010000000",NA
10707157321,34272,8,"0010000000",NA
10705154522,34127,1,"0400000000",NA
10705154529,34272,1,"0015000000",NA
10707157320,33418,1,"0000300000",NA
10707157320,34272,1,"0010000000",NA
10707157320,34272,8,"0010000000",NA
10713162132,34272,8,"0020000000",NA
10708159735,34272,1,"0010000000",NA
10713162127,34272,8,"0010000000",NA
10719163323,34272,1,"0010000000",NA
10719163323,34272,8,"0010000000",NA
10719163324,34272,1,"0010000000",NA
10719163324,34272,8,"0010000000",NA
10719163332,33236,1,"0005000000",NA
10719163332,34272,1,"0010000000",NA
10719163329,34272,1,"0015000000",NA
10719163329,34272,8,"0015000000",NA
10725164128,34272,1,"0020000000",NA
10725164128,34272,8,"0020000000",NA
10725164123,33190,1,"0002000000",NA
10725164123,34272,1,"0010000000",NA
10725164123,34272,8,"0010000000",NA
10710160526,34272,1,"0005000000",NA
10710160526,34272,8,"0005000000",NA
10708159724,34272,1,"0015000000",NA
10708159724,34272,8,"0015000000",NA
10712161726,34272,1,"0015000000",NA
10712161726,34272,8,"0015000000",NA
10712161735,34272,1,"0015000000",NA
10712161735,34272,8,"0015000000",NA
10710160524,34272,1,"0010000000",NA
10710160524,34272,8,"0010000000",NA
10725164135,34272,1,"0020000000",NA
10725164135,34272,8,"0020000000",NA
10728164529,34272,1,"0010000000",NA
10728164529,34272,8,"0010000000",NA
10728164535,34272,1,"0005000000",NA
10709160135,34272,1,"0015000000",NA
10709160135,34272,8,"0015000000",NA
10709160132,34272,1,"0010000000",NA
10709160132,34272,8,"0010000000",NA
10712161335,34272,8,"0015000000",NA
10712161319,34272,1,"0020000000",NA
10712161319,34272,8,"0020000000",NA
10707156135,34272,8,"0015000000",NA
10707158123,34272,8,"0020000000",NA
10728164532,34272,1,"0015000000",NA
10728164532,34272,8,"0015000000",NA
10728164535,34272,8,"0005000000",NA
10728164523,34272,1,"0020000000",NA
10728164523,34272,8,"0020000000",NA
10728164528,34272,1,"0015000000",NA
10728164528,34272,8,"0015000000",NA
10703153735,34126,1,"0200000000",NA
10703153735,34127,1,"0002000000",NA
10703153735,34272,1,"0005000000",NA
10703153735,34272,8,"0005000000",NA
10707157735,34272,1,"0010000000",NA
10707157735,34272,8,"0010000000",NA
10709160119,34272,1,"0005000000",NA
10709160119,34272,8,"0005000000",NA
10712161732,34272,1,"0015000000",NA
10712161732,34272,8,"0015000000",NA
10707156530,34272,1,"0010000000",NA
10707156530,34272,8,"0010000000",NA
10707156529,34272,1,"0010000000",NA
10707156529,34272,8,"0010000000",NA
10707157729,34272,1,"0015000000",NA
10707157729,34272,8,"0015000000",NA
10707157732,34272,1,"0030000000",NA
10707157732,34272,8,"0030000000",NA
10707158129,34272,1,"0020000000",NA
10707158129,34272,8,"0020000000",NA
10708159735,34272,8,"0010000000",NA
10709160121,34272,1,"0030000000",NA
10709160121,34272,8,"0030000000",NA
10709160127,34272,1,"0015000000",NA
10709160127,34272,8,"0015000000",NA
10710160535,34272,1,"0015000000",NA
10710160535,34272,8,"0015000000",NA
10711160929,34272,1,"0010000000",NA
10711160929,34272,8,"0010000000",NA
10712161722,34272,1,"0015000000",NA
10712161722,34272,8,"0015000000",NA
10719163332,34272,8,"0010000000",NA
10719163335,34272,1,"0020000000",NA
10719163335,34272,8,"0020000000",NA
10725164122,34272,1,"0020000000",NA
10725164122,34272,8,"0020000000",NA
10708159726,34272,1,"0010000000",NA
10708159726,34272,8,"0010000000",NA
10721163729,34272,8,"0015000000",NA
10707157328,34272,8,"0020000000",NA
10717162935,34272,1,"0015000000",NA
10717162935,34272,8,"0015000000",NA
10717162923,34272,1,"0020000000",NA
10717162923,34272,8,"0020000000",NA
10717162932,34272,1,"0010000000",NA
10717162932,34272,8,"0010000000",NA
10717162919,33214,1,"0007000000",NA
10717162919,34272,1,"0005000000",NA
10717162919,34272,8,"0005000000",NA
10707156120,34272,8,"0010000000",NA
10702153323,34272,1,"0020000000",NA
10702153323,34272,8,"0020000000",NA
10702153329,34272,1,"0010000000",NA
10702153329,34272,8,"0010000000",NA
10705154529,34272,8,"0015000000",NA
10804180525,33214,1,"0006300000",NA
10804180529,33214,1,"0006500000",NA
10804180920,33214,1,"0003300000",NA
10914204624,33236,1,"0003500000",NA
10916209422,33134,1,"1000000000",NA
10916209422,33145,1,"4000000000",NA
10916209422,33156,1,"0020000000",NA
10916209422,33214,1,"0050000000",NA
11001229632,33190,1,"0100000000",NA
11001229621,33190,1,"0240000000",NA
11001229621,33214,1,"0060000000",NA
11001229635,33134,1,"1200000000",NA
11002231224,33214,1,"0004500000",NA
11002230435,33178,1,"0020000000",NA
11011238423,33316,1,"0300000000",NA
11011238435,33190,1,"0010000000",NA
11016240022,33462,1,"0600000000",NA
11019240835,33190,1,"0090000000",NA
11010238029,33214,1,"0004000000",NA
11011238426,33393,1,"0030000000",NA
11011238432,33190,1,"0035000000",NA
11011238432,34148,1,"0057000000",NA
11010238035,33214,1,"0005700000",NA
11017240432,33214,1,"0020000000",NA
11105258120,33112,1,"0020000000",NA
11104256526,33112,1,"0600000000",NA
11104256526,33360,1,"0007500000",NA
11104257335,33214,1,"0012000000",NA
11105259723,33134,1,"1000000000",NA
11111263928,33214,1,"0012000000",NA
11103255727,33112,1,"0030000000",NA
11105258529,33134,1,"0900000000",NA
11210284532,34228,1,"0004000000",NA
11210284535,33190,1,"0020000000",NA
11202278523,33451,1,"0010000000",NA
11205282126,33112,1,"0600000000",NA
11205282126,33123,1,"0080000000",NA
11202278123,33190,1,"0035000000",NA
11203279332,33214,1,"0004800000",NA
11204281320,33167,1,"0005000000",NA
11302294132,33247,1,"0000900000",NA
11304299322,33247,1,"0002000000",NA
11304299326,33214,1,"0030000000",NA
11304299326,33236,1,"0007500000",NA
11304299326,33247,1,"0010000000",NA
11304299326,33258,1,"0002500000",NA
11305300520,33190,1,"0050000000",NA
11304299723,33316,1,"0200000000",NA
11304299723,33418,1,"0020000000",NA
11304299723,33462,1,"0030000000",NA
11301293327,33214,1,"0003000000",NA
11301293327,33269,1,"0020000000",NA
11302295726,33134,1,"0900000000",NA
11302295726,33156,1,"0010000000",NA
11402317821,33214,1,"0003000000",NA
11401315832,33112,1,"0700000000",NA
11402318232,33134,NA,NA,"0500000000"
11402318235,33134,1,"0430000000",NA
11404320635,33190,1,"0150000000",NA
11405321420,33190,1,"0012500000",NA
11406321835,33190,1,"0010000000",NA
11404320626,33134,NA,NA,"3200000000"
11401315029,33214,1,"0002100000",NA
11401315832,33123,1,"0080000000",NA
11402316629,33190,1,"0050000000",NA
11402317023,33190,1,"0030000000",NA
11402317035,33214,1,"0006300000",NA
11404321026,33190,1,"0006000000",NA
11407322219,33190,1,"0035000000",NA
11407322219,33214,1,"0006000000",NA
11407322219,33236,1,"0003000000",NA
11407322235,33190,1,"0014000000",NA
11403320220,33189,1,"0019000000",NA
11403320220,34250,1,"0004000000",NA
11403320220,34261,1,"0008300000",NA
11402316232,33190,1,"0150000000",NA
11504335227,33112,1,"0140000000",NA
11504335624,33178,1,"0005000000",NA
11506337235,33214,1,"0006000000",NA
11509338835,33418,1,"0001900000",NA
11506337226,33178,1,"0002500000",NA
11506336820,33418,1,"0005000000",NA
11502332435,33190,1,"0035000000",NA
11502332422,33214,1,"0015000000",NA
11503334826,33371,1,"0012000000",NA
11503333629,33190,1,"0080000000",NA
11506336823,33112,1,"0200000000",NA
11506337232,33214,1,"0035000000",NA
11508338420,33269,1,"0022000000",NA
11508338435,33214,1,"0002000000",NA
11502332832,33190,1,"0020000000",NA
11508338432,33145,1,"0550000000",NA
11507338026,33418,1,"0004000000",NA
11506336823,33123,1,"0010000000",NA
11506336823,33145,1,"0350000000",NA
11507338035,33190,1,"0010000000",NA
11506336823,33167,1,"0002500000",NA
11506336823,33258,1,"0010000000",NA
11504335632,33393,1,"0030000000",NA
11504335220,33178,1,"0015000000",NA
11601350629,34272,1,"0060000000",NA
11603352624,33214,1,"0004000000",NA
11606355824,33214,1,"0157000000",NA
11606355824,33258,1,"0009200000",NA
11606355424,33349,1,"0150000000",NA
11601349826,33236,1,"0003000000",NA
11606355835,33236,1,"0002500000",NA
11606355835,33258,1,"0018000000",NA
11601351432,33190,1,"0010000000",NA
11601351435,33190,1,"0500000000",NA
11601350219,33236,1,"0001600000",NA
11601350235,33190,1,"0140000000",NA
11603352620,33112,1,"0450000000",NA
11603352620,33123,1,"0007000000",NA
11603352620,33247,1,"0001100000",NA
11603352632,33190,1,"0045000000",NA
11607356220,33190,1,"0020000000",NA
11603352626,33190,1,"0020000000",NA
11604354232,33338,1,"0670000000",NA
11604354232,33349,1,"1000000000",NA
11604354232,33371,1,"0020000000",NA
11601351029,33418,1,"0001000000",NA
11601350226,33190,1,"0150000000",NA
11604353835,33190,1,"45000000",NA
11604353835,33214,1,"0045000000",NA
11606355435,33214,1,"0050000000",NA
11606355435,33258,1,"0004000000",NA
11701367632,33123,1,"0012000000",NA
11701368023,33123,1,"0004500000",NA
11703371223,33214,1,"0005000000",NA
11808395129,33258,1,"0020000000",NA
11803389132,33134,NA,NA,"1000000000"
11802387932,33236,1,"0000900000",NA
11801386328,33214,1,"0005000000",NA
11801386328,33258,1,"0015000000",NA
11801386329,33258,1,"0025000000",NA
11801386729,33145,1,"4000000000",NA
11901406032,33190,1,"0050000000",NA
11901406032,34181,1,"0030000000",NA
11901406035,33190,1,"0050000000",NA
11901406035,34181,1,"0010000000",NA
11907413226,33190,1,"0150000000",NA
11907413227,33190,1,"0050000000",NA
11901407232,33214,1,"0003500000",NA
11909415232,33190,1,"0060000000",NA
11901406432,33134,1,"0550000000","0220000000"
11901406432,33156,1,"0003000000",NA
11901406432,33167,1,"0003000000",NA
11906412823,34192,1,"0220000000",NA
11908414826,33190,1,"0030000000",NA
11908414419,33134,NA,NA,"0700000000"
11908414419,33156,1,"0001500000",NA
11908414419,33167,1,"0001500000",NA
11903407630,33258,1,"0006000000",NA
11904410030,33190,1,"0050000000",NA
11903407621,33258,1,"0015000000",NA
12001425535,33214,1,"0004000000",NA
12001425526,33214,1,"0002600000",NA
12001424722,33214,1,"0008000000",NA
12001424732,33214,1,"0008400000",NA
12001425521,33214,1,"0004250000",NA
12102442319,33258,1,"0014000000",NA
12102442323,33258,1,"0014500000",NA
12102442720,33214,1,"0008000000",NA
12102442720,33258,1,"0008000000",NA
12102442723,33258,1,"0011000000",NA
12102442729,33190,1,"0300000000",NA
12102442735,33145,1,"0060000000",NA
12111452335,34239,1,"0002200000",NA
12102442329,33258,1,"0020000000",NA
12103443132,33190,1,"0018000000",NA
12104443932,33190,1,"0003000000",NA
12104444326,33258,1,"0003200000",NA
12108449927,33112,1,"0030000000",NA
12108449935,33112,1,"0007000000",NA
12109450729,33112,1,"0500000000",NA
12109450729,33145,1,"0300000000",NA
12111452320,33190,1,"0035000000",NA
12107449123,33214,1,"0003500000",NA
12102442329,34239,1,"0001000000",NA
12206471523,33123,1,"0050000000",NA
12301505829,33134,1,"0750000000",NA
12301505829,33156,1,"0003000000",NA
12301494132,33134,1,"2900000000",NA
12301494132,33156,1,"0020000000",NA
12301494132,33167,1,"0020000000",NA
12301499329,33214,1,"0103500000",NA
12301504219,33134,1,"1500000000","1500000000"
12301504219,33156,1,"0004500000",NA
12301504219,33167,1,"0002500000",NA
12301504219,33214,1,"0030000000",NA
12301505029,33214,1,"0014000000",NA
12301506620,33214,1,"0003000000",NA
12303510219,33214,1,"0003000000",NA
12303510235,33214,1,"0004500000",NA
12310513435,33134,1,"0600000000",NA
12310513435,33156,1,"0005000000",NA
12310513435,33178,1,"0010000000",NA
12301498135,33134,1,"0600000000",NA
12301498135,33167,1,"0005000000",NA
12301498135,33178,1,"0005000000",NA
12405532335,33134,1,"0260000000","0"
12405532735,33190,1,"0005000000",NA
12403530732,33214,1,"0002420000","0"
12401527123,33247,1,"0010000000",NA
12410535935,33190,1,"0250000000",NA
12405532729,33190,1,"0090000000",NA
12404531535,33190,1,"0070000000",NA
12501552026,33214,1,"0034000000",NA
12501550832,33190,1,"0200000000",NA
12501547624,33190,1,"0500000000",NA
12501547235,33167,1,"0001000000",NA
12501551220,33134,1,"0400000000",NA
12501549223,33190,1,"0400000000",NA
12501547229,33178,1,"0001600000",NA
12501549226,33167,1,"0001200000",NA
12501549235,33214,1,"0009100000",NA
12603564429,33134,1,"0200000000",NA
12603564429,33190,1,"0100000000",NA
12604566823,33190,1,"0031500000",NA
12602563232,33190,1,"0020000000",NA
12604567226,33134,1,"0490000000",NA
12604567226,33145,1,"0200000000",NA
12604567226,33156,1,"0002000000",NA
12604567226,33167,1,"0002000000",NA
12605568421,33214,1,"0003500000",NA
12602564035,33214,1,"0010000000",NA
12706584628,33190,1,"0012000000",NA
12707585826,33190,1,"0250000000",NA
12713589823,33190,1,"0005000000",NA
12713589829,33462,1,"0050000000",NA
12713589835,33190,1,"0002500000",NA
12702579823,33236,1,"0001000000",NA
12705582230,33462,1,"0200000000",NA
12705582235,33269,1,"0003500000",NA
12710587832,33190,1,"0020000000",NA
12704581835,33112,1,"0100000000",NA
12704581826,33112,1,"0012000000",NA
12707586226,33112,1,"0160000000",NA
12706585432,33190,1,"0070000000",NA
12709587420,33338,1,"0800000000",NA
12709587429,34228,1,"0020000000",NA
12708586623,33190,1,"0020000000",NA
12801602635,33190,1,"0200000000",NA
12801602635,33214,1,"0070000000",NA
12802605832,33112,1,"0420000000",NA
12802605832,33134,1,"0250000000",NA
12802605832,33156,1,"0004000000",NA
12802605832,33167,1,"0002000000",NA
12802607019,33145,NA,NA,"0700000000"
12801602632,33112,1,"1000000000",NA
12801602632,33225,1,"0002000000",NA
12801602632,33236,1,"0020000000",NA
12801602632,33247,1,"0040000000",NA
12801602632,33258,1,"0012000000",NA
12802605821,34192,NA,NA,"0800000000"
12807613435,33134,1,"0210000000",NA
12807613435,33145,1,"0150000000",NA
12801602629,33134,1,"0600000000","0500000000"
12801602629,33145,1,"0540000000","0500000000"
12801602629,33167,1,"0002000000",NA
12801602629,33178,1,"0002500000",NA
12801602629,33179,1,"0001000000",NA
12801602229,33190,1,"0040000000",NA
12801602232,33190,1,"0040000000",NA
12801603426,33134,1,"0250000000",NA
12801603426,33145,1,"0150000000",NA
12801603426,33156,1,"0002000000",NA
12803607827,33145,NA,NA,"0060000000"
12807613025,33134,1,"0260000000",NA
12807613025,33145,1,"0120000000",NA
12807613820,33214,1,"0020000000",NA
12807613025,33156,1,"0003000000",NA
12904630629,33214,1,"0012000000",NA
12907634632,33134,1,"0600000000",NA
12904630226,33214,1,"0007000000",NA
12901625820,33214,1,"0008000000",NA
12905632223,33214,1,"0006000000",NA
12901627035,33214,1,"0009000000",NA
12901626628,33214,1,"0007500000",NA
12901627423,33134,1,"1200000000",NA
12901627829,33214,1,"0008500000",NA
13001651332,33134,1,"2827500000","1950000000"
13001651332,33145,1,"1522500000","1050000000"
13001651332,33156,1,"0018000000",NA
10002002821,33214,1,"0004500000",NA
10002002829,33190,1,"0020000000",NA
10009007629,33214,1,"0005000000",NA
10013010022,33214,1,"0004600000",NA
10011009235,34228,1,"0012000000",NA
10005004832,33214,1,"0005000000",NA
10004003628,33190,1,"0050000000",NA
10007007225,33134,1,"1300000000","1000000000"
10007007225,33156,1,"0004000000",NA
10001002023,33236,1,"0014000000",NA
10001002032,33236,1,"0022000000",NA
10001002035,33236,1,"0022500000",NA
10001002026,33236,1,"0014000000",NA
10001002020,33236,1,"0014000000",NA
10013010028,33214,1,"0006000000",NA
10114033026,33190,1,"0030000000",NA
10106029035,33214,1,"0002500000",NA
10106029023,33214,1,"0004500000",NA
10110031426,33190,1,"0018000000",NA
10104026635,33214,1,"0040000000",NA
10102025032,33214,1,"0004000000","0000500000"
10107029420,33190,1,"0018000000",NA
10103025435,33214,1,"0004000000",NA
10103025830,33190,1,"0015000000",NA
10103025830,33236,1,"0012000000",NA
10109030635,33247,1,"0004000000",NA
10114033032,33190,1,"0012000000",NA
10223053835,33190,1,"0018000000",NA
10223053835,34170,1,"0003000000",NA
10223053826,33190,1,"0018000000",NA
10223053829,33190,1,"0030000000",NA
10223053829,34170,1,"0025000000",NA
10202046632,33190,1,"0030000000",NA
10216051422,33190,1,"0025000000",NA
10216051423,33190,1,"0040000000",NA
10216051426,33112,1,"0120000000",NA
10206048229,33190,1,"0045000000",NA
10206048220,33190,1,"0020000000",NA
10201045432,33214,1,"0004300000",NA
10205047835,33236,1,"0000500000",NA
10206048232,33190,1,"0010000000",NA
10222053432,33214,1,"0004000000",NA
10311072623,33214,1,"0020000000",NA
10303070235,33134,1,"0000600000",NA
10303070235,33156,1,"0010000000",NA
10303070225,33214,1,"0003000000",NA
10306071427,33112,1,"0200000000",NA
10303069032,33190,1,"0007000000",NA
10303069032,33214,1,"0011300000",NA
10306071429,33112,1,"0400000000",NA
10307071829,33214,1,"0007200000",NA
10325075429,33214,1,"0005000000",NA
10312073035,33190,1,"0100000000",NA
10307071835,33190,1,"0120000000",NA
10307071835,33214,1,"0031000000",NA
10303070235,33167,1,"0001700000",NA
10303066635,33190,1,"0000600000",NA
10303068235,33134,1,"0322500000",NA
10303068235,33167,1,"0005700000",NA
10303068626,33190,1,"0004000000",NA
10319074221,33190,1,"0020000000",NA
10319074221,33214,1,"0040000000",NA
10310072229,33190,1,"0019800000",NA
10310072222,33190,1,"0150000000",NA
10310072226,34127,1,"0030000000",NA
10409093535,33393,1,"0005000000",NA
10409093535,33440,1,"0002000000",NA
10408093126,34239,1,"0000500000",NA
10402088723,33214,1,"0003000000",NA
10403089520,33214,1,"0015000000",NA
10406091529,33190,1,"0500000000",NA
10406091529,33214,1,"0150000000",NA
10406091529,33236,1,"0035000000",NA
10406091529,33258,1,"0020000000",NA
10501109326,33190,1,"0030000000",NA
10503112529,33190,1,"0040000000",NA
10509115323,33190,1,"0025000000",NA
10509115323,33214,1,"0002500000",NA
10509115323,34217,1,"0002000000",NA
10501108926,34217,1,"0002000000",NA
10508114925,33190,1,"0110000000",NA
10505113723,33190,1,"0050000000",NA
10513117719,33190,1,"0120000000",NA
10506114120,33214,8,"0005000000",NA
10506114120,33258,1,"0011000000",NA
10507114535,33214,1,"0007000000",NA
10514118126,34240,1,"0180000000",NA
10513117735,33190,1,"0140000000",NA
10513117735,33214,1,"0070000000",NA
10501108923,34217,1,"0001500000",NA
10513117722,34228,1,"0030000000",NA
10505113332,34217,1,"0003000000",NA
10505113335,33190,1,"0030000000",NA
10502111735,33190,1,"0080000000",NA
10502110520,33214,1,"0005600000",NA
10505113322,33190,1,"0016000000",NA
10502111332,33190,1,"0090000000",NA
10510116128,33190,1,"0020000000",NA
10510116120,33190,1,"0025000000",NA
10514118120,33190,1,"0026000000",NA
10502112126,33190,1,"0080000000",NA
10502112135,33190,1,"0010000000",NA
10502112121,33190,1,"0007000000",NA
10602130626,33189,1,"0100000000",NA
10602130626,33190,1,"0800000000",NA
10602130626,33214,1,"0015000000",NA
10602130626,33258,1,"0015000000",NA
10614139029,33214,1,"0030000000",NA
10603134225,33214,1,"0002000000",NA
10610137435,33236,1,"0001200000",NA
10608137021,33236,1,"0001000000",NA
10608136632,33167,1,"0000700000",NA
10603132623,33134,1,"0500000000",NA
10603132623,33156,1,"0010000000",NA
10603132623,33167,1,"0003500000",NA
10603132623,33214,1,"0009700000",NA
10612138230,33214,1,"0002000000",NA
10707155427,34272,1,"0010000000",NA
10707155427,34272,8,"0010000000",NA
10712161423,34272,1,"0010000000",NA
10712161423,34272,8,"0010000000",NA
10712161429,34272,1,"0015000000",NA
10712161429,34272,8,"0015000000",NA
10712161421,34272,1,"0025000000",NA
10712161421,34272,8,"0025000000",NA
10704154220,33134,1,"1800000000",NA
10707159032,33178,1,"0001350000",NA
10721163829,34272,1,"0025000000",NA
10721163829,34272,8,"0025000000",NA
10715162635,34272,1,"0025000000",NA
10715162635,34272,8,"0025000000",NA
10721163835,34272,1,"0025000000",NA
10721163835,34272,8,"0025000000",NA
10702153428,34272,1,"0010000000",NA
10702153428,34272,8,"0010000000",NA
10702153420,34272,1,"0020000000",NA
10702153420,34272,8,"0020000000",NA
10702153426,34272,1,"0005000000",NA
10702153426,34272,8,"0005000000",NA
10702153435,34272,1,"0010000000",NA
10702153435,34272,8,"0010000000",NA
10702153423,34272,1,"0015000000",NA
10702153423,34272,8,"0015000000",NA
10707159423,34272,1,"0010000000",NA
10707159423,34272,8,"0010000000",NA
10725164229,33190,1,"0004000000",NA
10725164229,34272,1,"0020000000",NA
10725164229,34272,8,"0020000000",NA
10717163032,34272,1,"0005000000",NA
10717163032,34272,8,"0005000000",NA
10717163020,34272,1,"0005000000",NA
10717163020,34272,8,"0005000000",NA
10702153432,34272,1,"0025000000",NA
10706154620,34272,1,"0010000000",NA
10706154620,34272,8,"0010000000",NA
10710160629,34272,1,"0010000000",NA
10710160632,34272,1,"0040000000",NA
10710160632,34272,8,"0040000000",NA
10710160622,34272,1,"0020000000",NA
10710160622,34272,8,"0020000000",NA
10717163029,33190,1,"0055000000",NA
10725164221,34272,1,"0020000000",NA
10725164221,34272,8,"0020000000",NA
10706154622,34272,1,"0020000000",NA
10706154622,34272,8,"0020000000",NA
10706154626,34272,1,"0020000000",NA
10706154626,34272,8,"0020000000",NA
10717163026,34272,1,"0015000000",NA
10717163026,34272,8,"0015000000",NA
10707157030,33269,1,"0002400000",NA
10713161825,34272,1,"0020000000",NA
10713161825,34272,8,"0020000000",NA
10713161835,34272,1,"0040000000",NA
10711161026,34272,1,"0015000000",NA
10711161026,34272,8,"0015000000",NA
10711161020,34272,1,"0040000000",NA
10711161020,34272,8,"0040000000",NA
10711161029,33190,1,"0020000000",NA
10711161029,34272,1,"0015000000",NA
10711161029,34272,8,"0015000000",NA
10711161032,33190,1,"0030000000",NA
10711161035,34272,1,"0010000000",NA
10711161035,34272,8,"0010000000",NA
10711161023,34272,1,"0020000000",NA
10711161023,34272,8,"0020000000",NA
10717163035,34272,1,"0005000000",NA
10717163035,34272,8,"0005000000",NA
10714162235,34272,1,"0005000000",NA
10714162235,34272,8,"0005000000",NA
10714162229,34272,1,"0010000000",NA
10714162229,34272,8,"0010000000",NA
10721163832,34272,1,"0005000000",NA
10721163832,34272,8,"0005000000",NA
10708159832,34272,1,"0010000000",NA
10708159832,34272,8,"0010000000",NA
10715162632,34272,1,"0020000000",NA
10715162632,34272,8,"0020000000",NA
10717163023,34272,1,"0005000000",NA
10717163023,34272,8,"0005000000",NA
10721163820,34272,1,"0010000000",NA
10721163820,34272,8,"0010000000",NA
10708159835,33214,1,"0004000000",NA
10708159835,34272,1,"0020000000",NA
10708159835,34272,8,"0020000000",NA
10714162232,34272,1,"0015000000",NA
10714162232,34272,8,"0015000000",NA
10707159435,33418,1,"0000300000",NA
10708159820,34272,1,"0015000000",NA
10708159820,34272,8,"0015000000",NA
10708159819,34272,1,"0020000000",NA
10708159819,34272,8,"0020000000",NA
10725164224,34272,1,"0010000000",NA
10725164224,34272,8,"0010000000",NA
10707157435,34272,1,"0010000000",NA
10707157435,34272,8,"0010000000",NA
10706154635,34272,1,"0010000000",NA
10706154635,34272,8,"0010000000",NA
10707157428,34272,1,"0020000000",NA
10707157428,34272,8,"0020000000",NA
10712161435,34272,1,"0025000000",NA
10712161435,34272,8,"0025000000",NA
10712161432,34272,1,"0015000000",NA
10719163430,33247,1,"0000020000",NA
10719163421,33236,1,"0000450000",NA
10708159829,34272,1,"0010000000",NA
10708159829,34272,8,"0010000000",NA
10713161820,34272,1,"0020000000",NA
10713161820,34272,8,"0020000000",NA
10710160635,34272,1,"0040000000",NA
10710160635,34272,8,"0040000000",NA
10708159826,34272,1,"0010000000",NA
10708159826,34272,8,"0010000000",NA
10712161432,34272,8,"0015000000",NA
10714162226,34272,1,"0015000000",NA
10714162226,34272,8,"0015000000",NA
10713161822,34272,1,"0040000000",NA
10713161822,34272,8,"0040000000",NA
10707158232,33190,1,"0048000000",NA
10710160629,34272,8,"0010000000",NA
10713161835,34272,8,"0040000000",NA
10712161426,34272,1,"0015000000",NA
10712161426,34272,8,"0015000000",NA
10702153432,34272,8,"0025000000",NA
10811186226,33190,1,"0020000000",NA
10814187035,33190,1,"0020000000",NA
10804180626,33214,1,"0060000000",NA
10803179829,33190,1,"0110000000",NA
10916207532,33134,NA,NA,"0150000000"
10917212329,33178,1,"0003600000",NA
10917212329,33236,1,"0002500000",NA
10929214320,33393,1,"0030000000",NA
10929214330,33112,1,"0520000000",NA
10929214330,33123,1,"0065000000",NA
10929214330,33189,1,"0021730000",NA
10929214330,33214,1,"0017000000",NA
10929214330,33236,1,"0041000000",NA
10929214330,33258,1,"0002140000",NA
10914204329,33258,1,"0030000000",NA
10914204332,33258,1,"0012000000",NA
10916205535,33190,1,"0180000000",NA
11002230126,33214,1,"0004200000",NA
11020240935,33190,1,"0015000000",NA
11020240935,33214,1,"0015000000",NA
11005236519,33190,1,"0003000000",NA
11005236535,33190,1,"0010000000",NA
11005236535,33258,1,"0012000000",NA
11005236535,34228,1,"0015000000",NA
11008236923,33214,1,"0035000000",NA
11012238930,33190,1,"0150000000",NA
11103255822,33190,1,"0070000000",NA
11105258229,33214,1,"0041000000",NA
11104256635,33214,1,"0007000000",NA
11104256620,33214,1,"0003000000",NA
11105259032,33214,1,"0005500000",NA
11104257020,33112,1,"0135000000",NA
11105258620,33214,1,"0005400000",NA
11103256235,33190,1,"0015000000",NA
11105260223,33214,1,"0003000000",NA
11207283420,33214,1,"0024500000",NA
11207283435,33134,1,"0850000000","0300000000"
11207283435,33167,1,"0003000000",NA
11205281820,34126,1,"0020000000",NA
11205281820,34127,1,"0020000000",NA
11204281020,33190,1,"0170000000",NA
11209284229,33178,1,"0003000000",NA
11304297429,33134,1,"1410000000",NA
11309304230,33134,1,"0400000000",NA
11302294635,33247,1,"0000500000",NA
11308303826,33134,1,"0550000000",NA
11308303826,33214,1,"0018000000",NA
11302294226,33236,1,"0002000000",NA
11302295030,33236,1,"0005000000",NA
11303296623,33247,1,"0000300000",NA
11303296628,33214,1,"0001000000",NA
11404320729,33214,1,"0018000000",NA
11404320735,33190,1,"0020000000",NA
11406321923,33190,1,"0008000000",NA
11402317925,33190,1,"0150000000",NA
11401315123,33214,1,"0015000000",NA
11402317920,33214,1,"0015000000",NA
11405321535,33190,1,"0075000000",NA
11405321535,33214,1,"0011000000",NA
11406321935,33112,1,"0200000000",NA
11407322332,33112,1,"0190000000",NA
11407322332,33214,1,"0005500000",NA
11402317135,33190,1,"0080000000",NA
11403319132,33214,1,"0050000000",NA
11405321523,33214,1,"0004500000",NA
11509338920,33269,1,"0040000000",NA
11503334528,33190,1,"0040000000",NA
11502333320,33134,1,"0280000000",NA
11506336932,33269,1,"0130000000",NA
11506337323,33214,1,"0005000000",NA
11508338527,33269,1,"0010000000",NA
11505336120,33269,1,"0012300000",NA
11508338530,34192,1,"0240000000",NA
11508338530,34228,1,"0020000000",NA
11508338530,34239,1,"0090000000",NA
11502333320,33167,1,"0001000000",NA
11503334928,33269,1,"0008000000",NA
11503334932,33214,1,"0070000000",NA
11506336922,33134,1,"0600000000",NA
11606355523,33214,1,"0040000000",NA
11601350723,33214,1,"0005000000",NA
11608357535,33134,1,"0450000000",NA
11608357535,33178,1,"0004000000",NA
11601350335,33189,1,"0020000000",NA
11601351135,33190,1,"0030000000",NA
11601349932,33190,1,"0040000000",NA
11601350321,33190,1,"0020000000",NA
11601350322,33190,1,"0020000000",NA
11601351526,33112,1,"0020000000",NA
11601351526,33145,1,"0008200000",NA
11601351526,33190,1,"0010000000",NA
11601351127,33190,1,"0120000000",NA
11604354326,33134,1,"0200000000",NA
11604354326,33145,1,"0500000000",NA
11604354326,33156,1,"0002500000",NA
11601349935,33190,1,"0070000000",NA
11601349928,33190,1,"0028000000",NA
11703372532,33214,1,"0002800000",NA
11807394026,33269,1,"0015000000",NA
11802388032,34161,1,"0000250000","0000250000"
11807393635,33258,1,"0024000000",NA
11803388832,33258,1,"0020000000",NA
11803390032,33236,1,"0005000000",NA
11807393626,33258,8,"0002000000",NA
11804390423,34160,1,"0005500000",NA
11804390825,33258,1,"0016000000",NA
11807394420,33236,1,"0001950000",NA
11807394423,33258,1,"0017000000",NA
11807394427,33236,1,"0001200000",NA
11803389623,33236,1,"0002000000",NA
11803389623,33258,1,"0013000000",NA
11801386020,33258,1,"0007000000",NA
11803388829,33214,1,"0006500000",NA
11803388829,33258,1,"0017100000",NA
11803388824,33214,1,"0005500000",NA
11803388824,33258,1,"0010000000",NA
11803388820,33214,1,"0003000000",NA
11903407732,33134,1,"0150000000",NA
11903407732,33134,8,"0300000000",NA
11903407732,33214,1,"0010000000",NA
11904411728,33190,1,"0240000000",NA
11901405321,33112,1,"1300000000",NA
11901405321,33189,1,"0002000000",NA
11901405732,33190,1,"0080000000",NA
11903407727,33134,1,"1050000000",NA
11903407727,33156,1,"0001500000",NA
11903407727,33167,1,"0001500000",NA
11901405728,33190,1,"0060000000",NA
11901405730,33190,1,"0040000000",NA
11907413323,33190,1,"0015000000",NA
11907413329,33112,1,"0500000000",NA
11903408527,33214,1,"0006500000",NA
11901406532,33190,1,"0025000000",NA
11908414925,33190,1,"0100000000",NA
12003429220,33214,1,"0005000000",NA
12003429223,33134,1,"0800000000","0350000000"
12001425620,33214,1,"0007000000",NA
12003428826,33214,1,"0002750000",NA
12003430029,33145,1,"0100000000",NA
12105446835,33112,1,"3500000000",NA
12102442826,33258,1,"0014000000",NA
12102442829,33258,1,"0012000000",NA
12102442832,33258,1,"0012000000",NA
12108450432,33214,1,"0007000000",NA
12102442823,33258,1,"0009130000",NA
12102442835,33258,1,"0030000000",NA
12109450827,33258,1,"0012000000",NA
12107449635,33214,1,"0004000000",NA
12111452029,34239,1,"0000500000",NA
12102442423,33258,1,"0014300000",NA
12102442423,33349,NA,NA,"0780000000"
12102442423,34239,1,"0001000000",NA
12109450829,33258,1,"0012000000",NA
12204469926,33236,1,"0001950000",NA
12212474929,33112,1,"0035000000",NA
12206471232,33371,1,"0002430000",NA
12207472432,33123,1,"0003500000",NA
12207472432,33189,1,"0007000000",NA
12208472829,33214,1,"0007000000",NA
12204469119,33418,1,"0003000000",NA
12211474432,33214,1,"0001500000",NA
12211474426,33112,1,"0700000000",NA
12211474420,33112,1,"0250000000",NA
12204469132,33236,1,"0002500000",NA
12204469132,33418,1,"0003200000",NA
12301498227,33214,1,"0053500000",NA
12301498235,33214,1,"0008400000",NA
12301502732,33178,1,"0003000000",NA
12301502732,33214,1,"0002500000",NA
12301506332,33214,1,"0005500000",NA
12301501035,33214,1,"0138500000",NA
12301489335,33145,1,"1000000000",NA
12301495826,33214,1,"0025000000",NA
12301498219,33214,1,"0008000000",NA
12301502325,33214,1,"0004500000",NA
12310513129,33134,1,"2000000000",NA
12310513129,33156,1,"0020000000",NA
12301501028,33214,1,"0002500000",NA
12301506724,33214,1,"0040000000",NA
12404531232,33236,1,"0004500000",NA
12408535220,33190,1,"0200000000",NA
12501549720,33112,1,"0075800000",NA
12501549720,33134,1,"0150000000",NA
12501549720,33145,1,"0455000000",NA
12501552125,33178,1,"0021000000",NA
12501546529,33134,1,"0300000000",NA
12501545324,33178,1,"0002000000",NA
12501545322,33214,1,"0023000000",NA
12501547729,33214,1,"0004500000",NA
12501545735,33190,1,"0620000000",NA
12501545735,33236,1,"0020000000",NA
12501548522,33247,1,"0000810000",NA
12501549723,33269,1,"0003000000",NA
12501551729,33270,1,"0020000000",NA
12501552128,33156,1,"0007000000",NA
12501552921,33214,1,"0003000000",NA
12501552935,33156,1,"0005000000",NA
12501552523,33214,1,"0070000000",NA
12501552532,34126,1,"0200000000",NA
12501552532,34192,1,"0020000000",NA
12601562132,33112,1,"0400000000",NA
12707586332,33112,1,"0200000000",NA
12707586332,33123,1,"0007000000",NA
12709587129,33190,1,"0003500000",NA
12701579532,33190,1,"0040000000",NA
12713589523,33112,1,"0200000000",NA
12713589529,33190,1,"0060000000",NA
12713589530,33190,1,"0100000000",NA
12713589530,33258,1,"0002000000",NA
12704581926,33190,1,"0036000000",NA
12706585526,33190,1,"0030000000",NA
12710588326,33190,1,"0080000000",NA
12714590326,34228,1,"0038000000",NA
12703580725,33190,1,"0001600000",NA
12705582720,33190,1,"0150000000",NA
12706584735,33269,1,"0020000000",NA
12806612329,33236,1,"0005000000",NA
12806612329,33247,1,"0002700000",NA
12801602735,33236,1,"0005000000",NA
12801603932,34127,1,"0020000000",NA
12801603926,34240,1,"0100000000",NA
12801603129,33190,1,"0300000000",NA
12802606335,33112,1,"1500000000",NA
12802606735,33134,1,"0700000000",NA
12802606735,33145,1,"0310000000",NA
12802606735,33156,1,"0010000000",NA
12804609929,33190,1,"0050000000",NA
12805611532,33190,1,"0200000000",NA
12806612729,33214,1,"0003000000",NA
12802605526,33236,1,"0001000000",NA
12802605526,34127,1,"0015000000",NA
12802605535,34127,1,"0020000000",NA
12803607925,33270,1,"0140000000",NA
12803607935,33214,1,"0010000000",NA
12801603520,33190,1,"0200000000",NA
12907633523,34272,1,"0670000000",NA
12904630332,33190,1,"0030000000",NA
12901626329,33214,1,"0007500000",NA
12904630335,33214,1,"0007000000",NA
12907633532,34192,NA,NA,"0250000000"
12904629919,33214,1,"0003500000",NA
12901627523,33214,1,"0005000000",NA
12908635523,33214,1,"0007500000",NA
12907634335,33214,1,"0007500000",NA
12901628329,33214,1,"0009000000",NA
13001652223,33134,1,"1618500000",NA
13001652223,33167,1,"0008000000",NA
13001652223,33214,1,"0048000000",NA
13001652223,34272,1,"0090000000",NA
13001649032,33134,NA,NA,"0390000000"
13001649032,33145,NA,NA,"0210000000"
